Id,FirstName,LastName,Email,Mobile,CreatedAt
220,Dwarkesh patel patel patel patel patel patel patel patel,Patel,dwarkesh0007@gmail.com,12343241343543,1701668689088
221,Dwarkesh,Patel,dwarkeshp12131@mail.com,123433212117,1701696337143
222,Dwarkesh,Patel,dwarkeshp121321@mail.com,1234332123117,1701777389910
223,Dwarkesh,Patel,dwarkesh1321@mail.com,12343321117,1701781408711
224,Dwarkesh,Patel,dwarksh1321@mail.com,1233321117,1701781423054
225,Dwarkesh,Patel,dwarksh13521@mail.com,12333521117,1701781464554
226,Dwarkesh,Patel,dwarksh153521@mail.com,1233355521117,1701781482736
227,Dwarkesh,Patel,dwarksh521@mail.com,12333517,1701781564833
228,Dwarkesh,Patel,dwarksh52221@mail.com,1233223517,1701781611806
229,Dwarkesh,Patel,dwarksha52221@mail.com,1233517,1701781655879
230,Dwarkesh,Patel,dwarksh221@mail.com,123352317,1701781676266